File path;Average elapsed time (nanoseconds);Minimum elapsed time (nanoseconds);Maximum elapsed time (nanoseconds);Standard deviation (nanoseconds);Occurrences
Z:\cpp-build-analyzer\src\AnalysisData\PCH\PCH.h;2080628500;2080628500;2080628500;0;1
Z:\cpp-build-analyzer\external_libraries\cxxopts\cxxopts.hpp;2008072800;2008072800;2008072800;0;1
Z:\cpp-build-analyzer\src\AnalysisExporter\PCH\PCH.h;1345494600;1345494600;1345494600;0;1
C:\Path\To\MSVC\include\iostream;948104200;948104200;948104200;0;1
Z:\cpp-build-analyzer\src\BuildAnalyzer\PCH\PCH.h;756691100;756691100;756691100;0;1
C:\Path\To\WindowsSDK\um\Windows.h;635602700;632748100;638457300;2854600;2
C:\Path\To\MSVC\include\istream;589410300;232918300;945902300;356492000;2
C:\Path\To\MSVC\include\ostream;570531200;206104100;934958300;364427100;2
C:\Path\To\MSVC\include\ios;554440450;186188800;922692100;368251650;2
Z:\cpp-build-analyzer\packages\tencent.rapidjson.1.1.1\lib\native\include\rapidjson\document.h;504036200;504036200;504036200;0;1
Z:\cpp-build-analyzer\packages\tencent.rapidjson.1.1.1\lib\native\include\rapidjson\reader.h;417612300;417612300;417612300;0;1
Z:\cpp-build-analyzer\src\BuildAnalyzer\BuildAnalyzer.h;380942400;304970800;456914000;75971600;2
C:\Path\To\MSVC\include\xlocnum;375294666;26126100;918492500;389285640;3
C:\Path\To\MSVC\include\regex;281342000;281342000;281342000;0;1
Z:\cpp-build-analyzer\packages\tencent.rapidjson.1.1.1\lib\native\include\rapidjson\internal\strtod.h;267830800;267830800;267830800;0;1
C:\Path\To\MSVC\include\fstream;262206800;262206800;262206800;0;1
Z:\cpp-build-analyzer\packages\tencent.rapidjson.1.1.1\lib\native\include\rapidjson\internal\biginteger.h;257281300;257281300;257281300;0;1
C:\Path\To\MSVC\include\xstring;238669325;74228200;387119500;122573273;4
C:\Path\To\MSVC\include\intrin.h;237050600;237050600;237050600;0;1
C:\Path\To\MSVC\include\streambuf;219228066;140107900;362339000;101383033;3
C:\Path\To\MSVC\include\xiosbase;210286800;131797600;352702300;100878311;3
C:\Path\To\MSVC\include\string;209823075;9929700;404964200;165850756;4
C:\Path\To\MSVC\include\chrono;196897075;62957300;594956200;229822887;4
C:\Path\To\MSVC\include\map;182944900;182944900;182944900;0;1
Z:\cpp-build-analyzer\src\BuildAnalyzer\Analyzers\BuildTimeline\BuildTimelineAnalyzer.h;182601133;106779600;324763200;100598251;3
C:\Path\To\MSVC\include\immintrin.h;181687300;181687300;181687300;0;1
Z:\cpp-build-analyzer\packages\Microsoft.Cpp.BuildInsights.1.0.0\build\native\inc\CppBuildInsights.hpp;179737533;167604000;200153400;14521561;3
Z:\cpp-build-analyzer\src\AnalysisData\BuildTimeline\BuildTimeline.h;144533983;73862000;239219800;65872382;6
C:\Path\To\MSVC\include\locale;141178100;56261800;226094400;84916300;2
C:\Path\To\MSVC\include\cmath;132860700;14509700;486616200;204241185;4
C:\Path\To\WindowsSDK\um\ole2.h;130112650;129894400;130330900;218250;2
C:\Path\To\WindowsSDK\um\objbase.h;112690000;108045600;117334400;4644400;2
C:\Path\To\MSVC\include\xmemory;110262900;84999600;131013500;20712805;4
Z:\cpp-build-analyzer\src\BuildAnalyzer\Analyzers\FunctionCompilations\FunctionCompilationsAnalyzer.h;110044566;54950500;217050200;75675562;3
C:\Path\To\MSVC\include\xtree;108306400;108306400;108306400;0;1
Z:\cpp-build-analyzer\packages\tencent.rapidjson.1.1.1\lib\native\include\rapidjson\allocators.h;107210600;107210600;107210600;0;1
Z:\cpp-build-analyzer\packages\tencent.rapidjson.1.1.1\lib\native\include\rapidjson\rapidjson.h;104901400;104901400;104901400;0;1
C:\Path\To\MSVC\include\xlocale;100413333;89191400;113768000;10146057;3
C:\Path\To\MSVC\include\system_error;97747000;20539300;251426300;108668090;3
C:\Path\To\WindowsSDK\shared\windef.h;96297750;82073900;110521600;14223850;2
C:\Path\To\WindowsSDK\shared\minwindef.h;94716600;80560600;108872600;14156000;2
C:\Path\To\WindowsSDK\um\winbase.h;94708650;90920700;98496600;3787950;2
C:\Path\To\MSVC\include\wmmintrin.h;91236700;91236700;91236700;0;1
C:\Path\To\MSVC\include\limits;89939450;10622200;326600100;136636413;4
C:\Path\To\WindowsSDK\um\winnt.h;89843900;76174300;103513500;13669600;2
C:\Path\To\MSVC\include\unordered_map;88009675;46900200;113287400;24864749;4
Z:\cpp-build-analyzer\src\AnalysisData\BuildTimeline\ProcessThreadRemapping\PackedProcessThreadRemapper.h;86315516;33273000;127512100;37659899;6
C:\Path\To\MSVC\include\xlocbuf;83012000;5846400;160177600;77165600;2
C:\Path\To\MSVC\include\stdexcept;82528633;4968500;236687500;109007486;3
C:\Path\To\MSVC\include\nmmintrin.h;81503600;81503600;81503600;0;1
C:\Path\To\MSVC\include\iosfwd;81090825;2711700;187416000;75297609;4
C:\Path\To\MSVC\include\xhash;77926950;36985900;103431500;24844949;4
Z:\cpp-build-analyzer\src\BuildAnalyzer\Analyzers\FileInclusions\FileInclusionsAnalyzer.h;72592766;16643500;144431800;53365568;3
C:\Path\To\MSVC\include\smmintrin.h;71652600;71652600;71652600;0;1
C:\Path\To\MSVC\include\tmmintrin.h;64031900;64031900;64031900;0;1
C:\Path\To\MSVC\include\cwchar;61878700;14627400;197064000;78061045;4
C:\Path\To\MSVC\include\vector;59067300;32117900;134226100;43439543;4
C:\Path\To\MSVC\include\cstdio;58518325;39709600;112714600;31301820;4
C:\Path\To\MSVC\include\zmmintrin.h;58107500;58107500;58107500;0;1
C:\Path\To\WindowsSDK\ucrt\stdio.h;57914425;39097700;112110500;31301966;4
C:\Path\To\WindowsSDK\um\winscard.h;57259700;56470200;58049200;789500;2
C:\Path\To\MSVC\include\pmmintrin.h;51655300;51655300;51655300;0;1
Z:\cpp-build-analyzer\src\AnalysisData\BuildTimeline\TimelineEntry.h;50702300;21525800;97417500;23779099;7
C:\Path\To\WindowsSDK\um\wincrypt.h;50311000;49148500;51473500;1162500;2
C:\Path\To\MSVC\include\xstddef;50141325;4821600;103153800;36939197;4
C:\Path\To\MSVC\include\type_traits;47860025;38693100;62680900;9232236;4
C:\Path\To\MSVC\include\xutility;44971350;43444900;46721100;1336672;4
Z:\cpp-build-analyzer\src\BuildAnalyzer\Analyzers\TemplateInstantiations\TemplateInstantiationsAnalyzer.h;44641366;16823100;99657400;38903034;3
C:\Path\To\MSVC\include\exception;43867900;17790800;58153100;15485094;4
Z:\cpp-build-analyzer\src\BuildAnalyzer\Analyzers\BuildTimeline\FilterTimelineAnalyzer.h;42122600;15225000;91439100;34919932;3
C:\Path\To\WindowsSDK\um\winuser.h;41540450;39070100;44010800;2470350;2
Z:\cpp-build-analyzer\src\AnalysisExporter\FileInclusions\FileInclusionGraphExporter.h;41392600;198200;82587000;41194400;2
C:\Path\To\WindowsSDK\um\urlmon.h;41181200;40625500;41736900;555700;2
C:\Path\To\MSVC\include\emmintrin.h;40641500;40641500;40641500;0;1
C:\Path\To\WindowsSDK\um\coml2api.h;39719050;38206200;41231900;1512850;2
C:\Path\To\WindowsSDK\ucrt\corecrt_wstdio.h;39048000;19752700;94006000;31745128;4
C:\Path\To\MSVC\include\cstdlib;37759100;17557600;94440400;32735950;4
C:\Path\To\WindowsSDK\um\winioctl.h;37347850;37338200;37357500;9650;2
C:\Path\To\MSVC\include\memory;36947900;35370700;37881800;970772;4
Z:\cpp-build-analyzer\src\BuildAnalyzer\Analyzers\FileCompilations\FileCompilationsAnalyzer.h;34699600;16505600;56575600;16564400;3
C:\Path\To\WindowsSDK\ucrt\wchar.h;32928175;13953900;83230600;29074040;4
C:\Path\To\MSVC\include\algorithm;32684533;31859800;33757200;794201;3
Z:\cpp-build-analyzer\src\AnalysisData\FileInclusionsPerFile.h;32478725;271000;73149300;26178327;4
C:\Path\To\MSVC\include\xlocmon;29769350;16824000;42714700;12945350;2
C:\Path\To\MSVC\include\new;29735575;215400;51887500;21498800;4
C:\Path\To\WindowsSDK\ucrt\math.h;29550250;8394300;84196200;31693165;4
C:\Path\To\WindowsSDK\ucrt\corecrt_math.h;29196900;8090100;83898200;31717579;4
C:\Path\To\MSVC\include\unordered_set;27864400;7174400;40884100;10498221;6
C:\Path\To\WindowsSDK\um\wingdi.h;27859550;27759000;27960100;100550;2
C:\Path\To\MSVC\include\xmmintrin.h;27696900;27696900;27696900;0;1
C:\Path\To\MSVC\include\ratio;26951575;5772200;89074800;35868187;4
C:\Path\To\WindowsSDK\um\combaseapi.h;26239250;19232600;33245900;7006650;2
C:\Path\To\WindowsSDK\um\DbgHelp.h;21987400;21987400;21987400;0;1
Z:\cpp-build-analyzer\src\AnalysisExporter\BuildTimeline\BuildTimelineExporter.h;21772800;292900;43252700;21479900;2
C:\Path\To\WindowsSDK\um\mmsystem.h;21563900;21474300;21653500;89600;2
Z:\cpp-build-analyzer\packages\tencent.rapidjson.1.1.1\lib\native\include\rapidjson\prettywriter.h;21546900;21546900;21546900;0;1
C:\Path\To\MSVC\include\deque;20905666;20478400;21265500;324850;3
C:\Path\To\MSVC\include\list;20493725;18623900;22533000;1390295;4
C:\Path\To\WindowsSDK\um\objidl.h;19903550;19265700;20541400;637850;2
C:\Path\To\MSVC\include\xloctime;19124850;14564900;23684800;4559950;2
Z:\cpp-build-analyzer\packages\tencent.rapidjson.1.1.1\lib\native\include\rapidjson\writer.h;18946400;18946400;18946400;0;1
C:\Path\To\WindowsSDK\shared\rpc.h;18812850;18699100;18926600;113750;2
C:\Path\To\WindowsSDK\um\propidlbase.h;18024900;17230200;18819600;794700;2
C:\Path\To\MSVC\include\tuple;17634450;17077300;18146100;378567;4
C:\Path\To\WindowsSDK\shared\winerror.h;17286050;15703100;18869000;1582950;2
C:\Path\To\WindowsSDK\um\winspool.h;16724750;16057600;17391900;667150;2
C:\Path\To\WindowsSDK\ucrt\sys\stat.h;15418150;1331300;57423600;24252071;4
C:\Path\To\WindowsSDK\um\oaidl.h;13808850;13239400;14378300;569450;2
C:\Path\To\WindowsSDK\shared\wtypes.h;13488800;12967300;14010300;521500;2
C:\Path\To\WindowsSDK\um\oleauto.h;13235700;9906800;16564600;3328900;2
C:\Path\To\MSVC\include\yvals_core.h;12903600;1250000;37252800;14224029;4
C:\Path\To\MSVC\include\vcruntime.h;12577175;4649200;35584800;13284544;4
C:\Path\To\MSVC\include\xtr1common;11800175;3161300;36972400;14533985;4
C:\Path\To\MSVC\include\cstddef;11745975;253000;38030900;15268753;4
C:\Path\To\WindowsSDK\um\objidlbase.h;11650900;11525100;11776700;125800;2
C:\Path\To\WindowsSDK\shared\rpcdce.h;11286350;11178600;11394100;107750;2
C:\Path\To\WindowsSDK\ucrt\string.h;10556900;5447400;12653400;2979647;4
C:\Path\To\WindowsSDK\ucrt\stdlib.h;10218400;9023100;13059800;1649019;4
C:\Path\To\MSVC\include\iterator;9921950;8901000;10942900;1020950;2
Z:\cpp-build-analyzer\src\AnalysisData\BuildTimeline\IgnoredEntries.h;9538250;177400;36125500;15360384;4
C:\Path\To\WindowsSDK\um\oleidl.h;9528400;9346900;9709900;181500;2
C:\Path\To\WindowsSDK\um\msxml.h;9240500;8993700;9487300;246800;2
Z:\cpp-build-analyzer\packages\tencent.rapidjson.1.1.1\lib\native\include\rapidjson\encodings.h;9080700;9080700;9080700;0;1
C:\Path\To\MSVC\include\utility;9035475;8712500;9272700;205049;4
C:\Path\To\WindowsSDK\shared\rpcndr.h;8782000;8736900;8827100;45100;2
C:\Path\To\MSVC\include\yvals.h;8706575;5313700;11281000;2495261;4
C:\Path\To\MSVC\include\xlocinfo;8362866;6872800;9727500;1168796;3
C:\Path\To\WindowsSDK\um\mmeapi.h;7926350;7602900;8249800;323450;2
C:\Path\To\MSVC\include\cstring;7856200;273800;13121600;5150741;4
C:\Path\To\WindowsSDK\um\minidumpapiset.h;7597100;7597100;7597100;0;1
C:\Path\To\MSVC\include\codecvt;7314500;7314500;7314500;0;1
C:\Path\To\MSVC\include\sstream;7124900;7124900;7124900;0;1
Z:\cpp-build-analyzer\packages\tencent.rapidjson.1.1.1\lib\native\include\rapidjson\encodedstream.h;6842900;6842900;6842900;0;1
C:\Path\To\WindowsSDK\um\winnls.h;6763925;1097200;14211300;5519188;4
Z:\cpp-build-analyzer\packages\tencent.rapidjson.1.1.1\lib\native\include\rapidjson\internal\dtoa.h;6551900;6551900;6551900;0;1
C:\Path\To\WindowsSDK\um\wincon.h;6436950;6356100;6517800;80850;2
Z:\cpp-build-analyzer\src\AnalysisExporter\FileCompilations\FileCompilationsExporter.h;6139650;291100;11988200;5848550;2
C:\Path\To\MSVC\include\vadefs.h;5608575;751600;19686900;8128762;4
C:\Path\To\WindowsSDK\um\winsvc.h;5605050;5213200;5996900;391850;2
C:\Path\To\WindowsSDK\um\fileapifromapp.h;5521850;4777400;6266300;744450;2
C:\Path\To\WindowsSDK\shared\bcrypt.h;5363400;5184900;5541900;178500;2
C:\Path\To\WindowsSDK\um\shellapi.h;5308450;5126600;5490300;181850;2
C:\Path\To\WindowsSDK\ucrt\crtdbg.h;5300250;3719400;6611700;1160078;4
Z:\cpp-build-analyzer\src\AnalysisExporter\TemplateInstantiations\TemplateInstantiationsExporter.h;5248850;276400;10221300;4972450;2
Z:\cpp-build-analyzer\src\AnalysisData\FileCompilationDataPerFile.h;5230875;1110500;11863400;4113515;4
Z:\cpp-build-analyzer\src\AnalysisExporter\FileInclusions\FileInclusionTimesExporter.h;5210100;272600;10147600;4937500;2
C:\Path\To\WindowsSDK\um\winreg.h;4998000;4771800;5224200;226200;2
C:\Path\To\WindowsSDK\um\securitybaseapi.h;4679650;4411100;4948200;268550;2
C:\Path\To\WindowsSDK\um\commdlg.h;4536150;3825600;5246700;710550;2
C:\Path\To\WindowsSDK\um\fileapi.h;4503450;3966800;5040100;536650;2
C:\Path\To\WindowsSDK\ucrt\corecrt_wstring.h;4398050;4223500;4565300;152564;4
Z:\cpp-build-analyzer\src\AnalysisData\TimeElapsedPerOccurrencePerConcept.h;4165133;567100;12779800;3999376;6
Z:\cpp-build-analyzer\src\AnalysisData\BuildTimeline\ProcessThreadRemapping\ProcessThreadRemapping.h;4011266;310400;12667200;4280876;6
C:\Path\To\MSVC\include\cassert;3942436;443300;6983900;3087393;11
Z:\cpp-build-analyzer\packages\tencent.rapidjson.1.1.1\lib\native\include\rapidjson\internal\diyfp.h;3901600;3901600;3901600;0;1
C:\Path\To\WindowsSDK\um\processthreadsapi.h;3826250;3729400;3923100;96850;2
C:\Path\To\WindowsSDK\um\mciapi.h;3747250;3644900;3849600;102350;2
C:\Path\To\MSVC\include\vcruntime_exception.h;3744775;3374900;4409100;403952;4
C:\Path\To\WindowsSDK\ucrt\corecrt_wconio.h;3658325;3396300;4180200;306093;4
C:\Path\To\WindowsSDK\um\memoryapi.h;3625450;3154200;4096700;471250;2
C:\Path\To\WindowsSDK\ucrt\corecrt_stdio_config.h;3607500;374800;13119100;5491793;4
Z:\cpp-build-analyzer\src\AnalysisData\TemplateInstantiationData.h;3599925;790400;7625800;2842415;4
C:\Path\To\MSVC\include\typeinfo;3580350;3233100;4186300;361331;4
Z:\cpp-build-analyzer\packages\tencent.rapidjson.1.1.1\lib\native\include\rapidjson\internal\itoa.h;3560300;3560300;3560300;0;1
Z:\cpp-build-analyzer\src\AnalysisExporter\FunctionCompilations\FunctionCompilationsExporter.h;3377800;313800;6441800;3064000;2
C:\Path\To\WindowsSDK\shared\specstrings.h;3332600;2991700;3673500;340900;2
C:\Path\To\WindowsSDK\um\winsock.h;3326350;3217300;3435400;109050;2
C:\Path\To\WindowsSDK\shared\rpcasync.h;3288800;3120800;3456800;168000;2
Z:\cpp-build-analyzer\packages\tencent.rapidjson.1.1.1\lib\native\include\rapidjson\internal\meta.h;3272100;3272100;3272100;0;1
C:\Path\To\WindowsSDK\um\ncrypt.h;3258550;3240900;3276200;17650;2
C:\Path\To\WindowsSDK\ucrt\time.h;3218600;3091000;3425200;134532;4
C:\Path\To\WindowsSDK\um\imm.h;3171250;2822300;3520200;348950;2
C:\Path\To\WindowsSDK\shared\rpcdcep.h;3103550;3088400;3118700;15150;2
C:\Path\To\MSVC\include\xlocmes;3076950;3074000;3079900;2950;2
C:\Path\To\MSVC\include\sal.h;2991700;2743800;3176600;156666;4
Z:\cpp-build-analyzer\src\AnalysisData\FileCompilationData.h;2934475;701800;5281800;1765087;4
C:\Path\To\WindowsSDK\um\winnetwk.h;2894350;2843400;2945300;50950;2
C:\Path\To\WindowsSDK\um\stringapiset.h;2880650;2120500;3640800;760150;2
C:\Path\To\MSVC\include\vcruntime_typeinfo.h;2810800;2546900;3366300;324436;4
C:\Path\To\WindowsSDK\ucrt\ctype.h;2713725;1748300;5586100;1658387;4
C:\Path\To\MSVC\include\excpt.h;2704750;303500;5106000;2401250;2
Z:\cpp-build-analyzer\packages\tencent.rapidjson.1.1.1\lib\native\include\rapidjson\stringbuffer.h;2690800;2690800;2690800;0;1
C:\Path\To\WindowsSDK\ucrt\corecrt_wstdlib.h;2676650;2587800;2785000;74391;4
C:\Path\To\WindowsSDK\shared\guiddef.h;2583750;119100;13594700;4945250;6
C:\Path\To\MSVC\include\ammintrin.h;2439900;2439900;2439900;0;1
Z:\cpp-build-analyzer\packages\tencent.rapidjson.1.1.1\lib\native\include\rapidjson\internal\stack.h;2299400;2299400;2299400;0;1
C:\Path\To\MSVC\include\cfloat;2291025;950400;6220400;2268827;4
C:\Path\To\WindowsSDK\um\ddeml.h;2271000;2032900;2509100;238100;2
C:\Path\To\WindowsSDK\ucrt\corecrt_memory.h;2225200;624600;2801500;924521;4
C:\Path\To\WindowsSDK\um\synchapi.h;2161700;2071400;2252000;90300;2
C:\Path\To\WindowsSDK\um\prsht.h;2133025;389700;4260100;1695669;4
Z:\cpp-build-analyzer\src\AnalysisData\Utilities\CppBuildInsightsDataConversion.h;2114300;474600;8471600;3178822;5
C:\Path\To\MSVC\include\xlocinfo.h;2080800;1760300;2619600;383266;3
C:\Path\To\WindowsSDK\ucrt\corecrt_memcpy_s.h;2056225;2037000;2092400;21615;4
C:\Path\To\WindowsSDK\um\mmiscapi.h;2009300;1928400;2090200;80900;2
C:\Path\To\WindowsSDK\um\libloaderapi.h;1971300;1940400;2002200;30900;2
C:\Path\To\MSVC\include\ctime;1957600;224400;3690800;1733200;2
C:\Path\To\WindowsSDK\um\propidl.h;1953950;1880800;2027100;73150;2
C:\Path\To\WindowsSDK\um\sysinfoapi.h;1933000;1901900;1964100;31100;2
C:\Path\To\WindowsSDK\um\consoleapi2.h;1932400;1776800;2088000;155600;2
Z:\cpp-build-analyzer\packages\tencent.rapidjson.1.1.1\lib\native\include\rapidjson\ostreamwrapper.h;1883600;1883600;1883600;0;1
C:\Path\To\WindowsSDK\ucrt\corecrt.h;1836200;1715800;1937900;79391;4
C:\Path\To\WindowsSDK\ucrt\inttypes.h;1771300;1771300;1771300;0;1
Z:\cpp-build-analyzer\packages\Microsoft.Cpp.BuildInsights.1.0.0\build\native\inc\CppBuildInsights.h;1728233;1436300;2162500;313087;3
C:\Path\To\MSVC\include\cctype;1722825;240500;2253800;856275;4
C:\Path\To\WindowsSDK\um\rpcnsi.h;1716000;1642100;1789900;73900;2
C:\Path\To\WindowsSDK\um\minwinbase.h;1697600;1563200;1832000;134400;2
C:\Path\To\MSVC\include\xtimec.h;1687475;249700;5793200;2371078;4
C:\Path\To\WindowsSDK\um\winperf.h;1686100;1391300;1980900;294800;2
C:\Path\To\WindowsSDK\um\joystickapi.h;1669200;1541300;1797100;127900;2
C:\Path\To\WindowsSDK\shared\stralign.h;1664300;1585100;1743500;79200;2
Z:\cpp-build-analyzer\packages\tencent.rapidjson.1.1.1\lib\native\include\rapidjson\stream.h;1660414;93400;10874800;3762075;7
C:\Path\To\WindowsSDK\ucrt\corecrt_wio.h;1648900;1412900;1920300;180769;4
C:\Path\To\WindowsSDK\um\threadpoolapiset.h;1615500;1455900;1775100;159600;2
Z:\cpp-build-analyzer\packages\tencent.rapidjson.1.1.1\lib\native\include\rapidjson\internal\ieee754.h;1579400;1579400;1579400;0;1
C:\Path\To\WindowsSDK\shared\wtypesbase.h;1578150;1280100;1876200;298050;2
C:\Path\To\MSVC\include\xatomic.h;1546550;1426600;1754000;127226;4
C:\Path\To\WindowsSDK\shared\basetsd.h;1520900;1052700;1989100;468200;2
C:\Path\To\MSVC\include\vcruntime_new_debug.h;1469550;1224900;1793600;206818;4
C:\Path\To\WindowsSDK\um\winver.h;1437300;1419300;1455300;18000;2
C:\Path\To\WindowsSDK\ucrt\corecrt_wtime.h;1434650;1331000;1629400;114916;4
C:\Path\To\WindowsSDK\um\unknwnbase.h;1399250;1351100;1447400;48150;2
C:\Path\To\WindowsSDK\shared\specstrings_strict.h;1372100;1156400;1587800;215700;2
C:\Path\To\WindowsSDK\um\consoleapi3.h;1261800;1243400;1280200;18400;2
C:\Path\To\WindowsSDK\um\winefs.h;1251300;1212800;1289800;38500;2
Z:\cpp-build-analyzer\src\AnalysisData\TimeElapsedPerOcurrence.h;1232750;147900;2353400;656734;6
C:\Path\To\WindowsSDK\um\processenv.h;1232350;923600;1541100;308750;2
C:\Path\To\WindowsSDK\ucrt\float.h;1206175;636800;2825000;935048;4
Z:\cpp-build-analyzer\packages\tencent.rapidjson.1.1.1\lib\native\include\rapidjson\memorystream.h;1167900;1167900;1167900;0;1
C:\Path\To\WindowsSDK\um\heapapi.h;1143500;1019600;1267400;123900;2
C:\Path\To\WindowsSDK\um\timezoneapi.h;1095200;1041500;1148900;53700;2
C:\Path\To\WindowsSDK\um\consoleapi.h;1035050;982900;1087200;52150;2
C:\Path\To\WindowsSDK\um\datetimeapi.h;1012750;665900;1359600;346850;2
C:\Path\To\WindowsSDK\um\namedpipeapi.h;1005150;858500;1151800;146650;2
Z:\cpp-build-analyzer\packages\tencent.rapidjson.1.1.1\lib\native\include\rapidjson\error\error.h;984900;984900;984900;0;1
C:\Path\To\MSVC\include\vcruntime_new.h;963975;764400;1176600;148951;4
C:\Path\To\MSVC\include\intrin0.h;955650;888600;1001100;44916;4
C:\Path\To\WindowsSDK\ucrt\malloc.h;955000;902800;1011000;49123;4
Z:\cpp-build-analyzer\src\AnalysisData\SymbolNames.h;915700;136400;2704800;1049362;4
C:\Path\To\WindowsSDK\ucrt\corecrt_wctype.h;887350;842800;979800;54921;4
C:\Path\To\MSVC\include\eh.h;878275;795600;1099100;127617;4
C:\Path\To\WindowsSDK\um\nb30.h;875800;846700;904900;29100;2
C:\Path\To\WindowsSDK\ucrt\corecrt_malloc.h;841100;765500;1018900;103335;4
C:\Path\To\WindowsSDK\um\jobapi2.h;808600;640400;976800;168200;2
C:\Path\To\MSVC\include\xcall_once.h;807966;729400;916100;79035;3
C:\Path\To\WindowsSDK\shared\driverspecs.h;803100;779300;826900;23800;2
C:\Path\To\WindowsSDK\um\errhandlingapi.h;801100;787600;814600;13500;2
C:\Path\To\WindowsSDK\um\servprov.h;799000;789000;809000;10000;2
C:\Path\To\WindowsSDK\ucrt\locale.h;798800;668300;1033900;166576;3
C:\Path\To\MSVC\include\setjmp.h;785800;785800;785800;0;1
C:\Path\To\WindowsSDK\ucrt\corecrt_search.h;779925;655200;1122600;197958;4
C:\Path\To\WindowsSDK\um\wincontypes.h;773300;750100;796500;23200;2
C:\Path\To\WindowsSDK\um\timeapi.h;764300;747600;781000;16700;2
Z:\cpp-build-analyzer\packages\tencent.rapidjson.1.1.1\lib\native\include\rapidjson\internal\pow10.h;751500;751500;751500;0;1
C:\Path\To\WindowsSDK\um\ioapiset.h;729300;717500;741100;11800;2
C:\Path\To\WindowsSDK\um\wow64apiset.h;720400;701600;739200;18800;2
C:\Path\To\MSVC\include\initializer_list;705500;643800;758500;44409;4
C:\Path\To\MSVC\include\cstdint;683775;338200;823900;200305;4
C:\Path\To\WindowsSDK\shared\winapifamily.h;683450;594100;772800;89350;2
C:\Path\To\WindowsSDK\um\playsoundapi.h;679250;670900;687600;8350;2
C:\Path\To\WindowsSDK\um\enclaveapi.h;677400;639700;715100;37700;2
C:\Path\To\MSVC\include\cwctype;662333;575500;783900;88552;3
C:\Path\To\WindowsSDK\ucrt\assert.h;651854;158700;1196200;411513;11
Z:\cpp-build-analyzer\src\AnalysisData\BuildTimeline\TimelineTypes.h;640210;77500;1310700;393882;10
C:\Path\To\WindowsSDK\um\dde.h;635700;628500;642900;7200;2
C:\Path\To\WindowsSDK\um\mmiscapi2.h;624950;618300;631600;6650;2
Z:\cpp-build-analyzer\packages\tencent.rapidjson.1.1.1\lib\native\include\rapidjson\internal\strfunc.h;612100;612100;612100;0;1
C:\Path\To\WindowsSDK\um\dpapi.h;603300;590500;616100;12800;2
C:\Path\To\WindowsSDK\um\unknwn.h;582100;550800;613400;31300;2
C:\Path\To\WindowsSDK\um\mcx.h;581100;551400;610800;29700;2
C:\Path\To\WindowsSDK\shared\ktmtypes.h;568350;538800;597900;29550;2
C:\Path\To\MSVC\include\mmintrin.h;562700;562700;562700;0;1
C:\Path\To\WindowsSDK\ucrt\corecrt_wprocess.h;558150;517700;624100;40010;4
C:\Path\To\WindowsSDK\um\threadpoollegacyapiset.h;544400;510600;578200;33800;2
C:\Path\To\WindowsSDK\um\debugapi.h;539050;485500;592600;53550;2
C:\Path\To\WindowsSDK\um\cguid.h;530750;513900;547600;16850;2
C:\Path\To\WindowsSDK\shared\winsmcrd.h;529800;528500;531100;1300;2
C:\Path\To\WindowsSDK\um\realtimeapiset.h;522950;515700;530200;7250;2
C:\Path\To\MSVC\include\xfacet;513833;447200;628000;81103;3
C:\Path\To\MSVC\include\vcruntime_string.h;506550;478200;527900;18191;4
C:\Path\To\WindowsSDK\um\lzexpand.h;505400;458800;552000;46600;2
C:\Path\To\WindowsSDK\um\namespaceapi.h;471450;399800;543100;71650;2
C:\Path\To\MSVC\include\xbit_ops.h;464350;372600;621800;99428;4
C:\Path\To\WindowsSDK\um\interlockedapi.h;446350;442900;449800;3450;2
C:\Path\To\WindowsSDK\shared\rpcsal.h;444350;411600;477100;32750;2
C:\Path\To\WindowsSDK\um\utilapiset.h;437050;427300;446800;9750;2
C:\Path\To\WindowsSDK\um\systemtopologyapi.h;404150;340900;467400;63250;2
C:\Path\To\WindowsSDK\um\handleapi.h;397800;381300;414300;16500;2
Z:\cpp-build-analyzer\src\AnalysisData\Utilities\MiniDumpGeneration.h;393400;98300;688500;295100;2
C:\Path\To\WindowsSDK\um\fibersapi.h;385250;367300;403200;17950;2
C:\Path\To\WindowsSDK\um\processtopologyapi.h;376800;365400;388200;11400;2
C:\Path\To\WindowsSDK\shared\rpcnterr.h;370350;345300;395400;25050;2
C:\Path\To\WindowsSDK\um\jobapi.h;359950;319400;400500;40550;2
C:\Path\To\WindowsSDK\um\rpcnsip.h;325200;316800;333600;8400;2
C:\Path\To\WindowsSDK\um\securityappcontainer.h;317250;305500;329000;11750;2
C:\Path\To\MSVC\include\xkeycheck.h;315525;303200;335500;12339;4
C:\Path\To\MSVC\include\xerrc.h;308600;289100;347500;27506;3
C:\Path\To\WindowsSDK\um\verrsrc.h;304550;298200;310900;6350;2
C:\Path\To\WindowsSDK\um\profileapi.h;300250;283300;317200;16950;2
C:\Path\To\WindowsSDK\shared\tvout.h;299150;294000;304300;5150;2
C:\Path\To\WindowsSDK\um\dlgs.h;298150;269000;327300;29150;2
C:\Path\To\MSVC\include\stdint.h;294975;233300;459200;94981;4
C:\Path\To\WindowsSDK\um\mmsyscom.h;294343;178800;1089800;286587;16
C:\Path\To\WindowsSDK\shared\kernelspecs.h;291350;227000;355700;64350;2
C:\Path\To\WindowsSDK\shared\specstrings_undef.h;286250;250500;322000;35750;2
C:\Path\To\WindowsSDK\ucrt\corecrt_wdirect.h;282700;242500;325700;40200;4
C:\Path\To\WindowsSDK\um\apiquery2.h;279150;263300;295000;15850;2
C:\Path\To\WindowsSDK\ucrt\errno.h;277075;254700;289800;13911;4
C:\Path\To\MSVC\include\concurrencysal.h;265975;244300;299600;20648;4
C:\Path\To\WindowsSDK\ucrt\stddef.h;264650;223600;309900;37240;4
C:\Path\To\WindowsSDK\shared\inaddr.h;263600;240300;286900;23300;2
C:\Path\To\WindowsSDK\ucrt\corecrt_terminate.h;242675;184400;392200;86501;4
C:\Path\To\WindowsSDK\shared\sdkddkver.h;239650;234400;244900;5250;2
Z:\cpp-build-analyzer\src\AnalysisData\SymbolKey.h;215575;56700;410000;132954;4
C:\Path\To\MSVC\include\climits;183175;68700;470400;166750;4
C:\Path\To\WindowsSDK\ucrt\wctype.h;180866;152400;218600;27809;3
C:\Path\To\WindowsSDK\ucrt\share.h;171900;77600;360400;133289;3
C:\Path\To\WindowsSDK\um\reason.h;168700;167300;170100;1400;2
Z:\cpp-build-analyzer\packages\tencent.rapidjson.1.1.1\lib\native\include\rapidjson\internal\swap.h;166800;166800;166800;0;1
C:\Path\To\WindowsSDK\shared\wnnc.h;162050;156900;167200;5150;2
C:\Path\To\MSVC\include\crtdefs.h;149075;115700;191100;27820;4
C:\Path\To\WindowsSDK\shared\apiset.h;134500;133400;135600;1100;2
C:\Path\To\WindowsSDK\ucrt\sys\types.h;128675;96800;199000;40936;4
C:\Path\To\WindowsSDK\shared\winpackagefamily.h;128400;120300;136500;8100;2
C:\Path\To\MSVC\include\limits.h;127625;116700;149000;12560;4
C:\Path\To\MSVC\include\cerrno;96866;87600;113400;11719;3
C:\Path\To\WindowsSDK\shared\apisetcconv.h;94350;85700;103000;8650;2
C:\Path\To\MSVC\include\stdarg.h;89450;84900;94000;4550;2
C:\Path\To\WindowsSDK\shared\pshpack2.h;89100;67800;158900;24135;12
C:\Path\To\WindowsSDK\shared\pshpack8.h;87204;58700;130800;16421;21
C:\Path\To\WindowsSDK\shared\pshpack4.h;85336;70500;102900;9805;11
C:\Path\To\WindowsSDK\shared\cderr.h;85000;79200;90800;5800;2
C:\Path\To\MSVC\include\use_ansi.h;84575;72200;108200;13916;4
C:\Path\To\WindowsSDK\shared\poppack.h;84538;70800;192200;18545;68
C:\Path\To\WindowsSDK\shared\pshpack1.h;81225;59900;99600;11832;24
C:\Path\To\WindowsSDK\um\ime_cmodes.h;69450;55000;83900;14450;2
C:\Path\To\WindowsSDK\ucrt\corecrt_share.h;66425;55600;78900;8303;4
C:\Path\To\WindowsSDK\shared\sdv_driverspecs.h;48700;44500;52900;4200;2
